{"cameraMode":{"drawMode":0,"name":"Shaded","section":"Shading Mode"},"sceneLighting":true,"audioPlay":false,"sceneViewState":{"showFog":true,"showMaterialUpdate":false,"showSkybox":true,"showFlares":true,"showImageEffects":true,"showParticleSystems":true},"in2DMode":false,"pivot":{"x":0.4550907611846924,"y":0.3205317556858063,"z":-4.043563365936279},"rotation":{"x":-0.08562558144330979,"y":-0.04273216798901558,"z":0.0036757895722985269,"w":-0.9954046010971069},"size":10.0,"orthographic":false}